{
    "summary": {
        "CATO-AFNO (w/ MF)": {
            "L2": 0.3498185878239057,
            "MAE": 0.4130359199219522,
            "RMSE": 0.5663444394758358
        },
        "CATO-AFNO (w/o MF)": {
            "L2": 0.33874644640251594,
            "MAE": 0.40184277128861706,
            "RMSE": 0.5483879895460189
        },
        "CATO-Transolver (w/ MF)": {
            "L2": 0.3556905689570731,
            "MAE": 0.4012713338764944,
            "RMSE": 0.575462203344525
        },
        "CATO-Transolver (w/o MF)": {
            "L2": 0.358355064248089,
            "MAE": 0.4077052528952938,
            "RMSE": 0.5800383342539606
        }
    },
    "frame_l2": {
        "CATO-AFNO (w/ MF)": {
            "1": 0.3674407281127104,
            "2": 0.36362154743216724,
            "3": 0.35294923958308877,
            "4": 0.34507125029961544,
            "5": 0.3458131505940156,
            "6": 0.34466520053575156,
            "7": 0.33895872757057216,
            "8": 0.339100597520278,
            "9": 0.3460371426407415,
            "10": 0.3483182493564946,
            "11": 0.3419948510327362,
            "12": 0.33790096640146305,
            "13": 0.3438647905238476,
            "14": 0.3511209570158324,
            "15": 0.34984034844292283,
            "16": 0.3453339321077714,
            "17": 0.34747431496687575,
            "18": 0.3564301625833771,
            "19": 0.38061701193394637
        },
        "CATO-AFNO (w/o MF)": {
            "1": 0.37161374970520944,
            "2": 0.3603940154076236,
            "3": 0.34468894329768945,
            "4": 0.3373692767291721,
            "5": 0.33275151301575406,
            "6": 0.3295808356667094,
            "7": 0.32837485600670163,
            "8": 0.3272731246946322,
            "9": 0.32898918653588793,
            "10": 0.32629822309417505,
            "11": 0.32574426772345355,
            "12": 0.3275439188562199,
            "13": 0.3278161235518897,
            "14": 0.3288320377576945,
            "15": 0.3295544181519979,
            "16": 0.3352443344029464,
            "17": 0.34969535552745096,
            "18": 0.35435261028157666,
            "19": 0.3700656912410183
        },
        "CATO-Transolver (w/ MF)": {
            "1": 0.38177523685394515,
            "2": 0.36686541491177005,
            "3": 0.35825898045954724,
            "4": 0.3596636156211556,
            "5": 0.35998342982548515,
            "6": 0.3541232570293491,
            "7": 0.34776175756632155,
            "8": 0.35090191531127773,
            "9": 0.354873446066512,
            "10": 0.35382209661404823,
            "11": 0.34784917579474645,
            "12": 0.34033891048326526,
            "13": 0.34450102254482473,
            "14": 0.35250397324950694,
            "15": 0.3522104413924551,
            "16": 0.34747244857991416,
            "17": 0.3473518582248552,
            "18": 0.3582393361514831,
            "19": 0.37962449350392696
        },
        "CATO-Transolver (w/o MF)": {
            "1": 0.3759307852414584,
            "2": 0.36755162467448976,
            "3": 0.36103322267828214,
            "4": 0.3574971595116797,
            "5": 0.3563972225085313,
            "6": 0.3541281628609918,
            "7": 0.3510655426733344,
            "8": 0.35095725428693975,
            "9": 0.3546253922020565,
            "10": 0.3553765001237047,
            "11": 0.35323159551679806,
            "12": 0.35019457269166193,
            "13": 0.3494385013302297,
            "14": 0.3531538324754187,
            "15": 0.3570783697970938,
            "16": 0.35555815231635673,
            "17": 0.3541027376601366,
            "18": 0.3627106174334886,
            "19": 0.3887149747310397
        }
    },
    "frame_mae": {
        "CATO-AFNO (w/ MF)": {
            "1": 0.43011161028122413,
            "2": 0.42863179808165747,
            "3": 0.41696301656109946,
            "4": 0.40674267210522475,
            "5": 0.4069314743791308,
            "6": 0.40616774905701075,
            "7": 0.40066969686624954,
            "8": 0.4014124653980035,
            "9": 0.4087763666498418,
            "10": 0.4107028185915785,
            "11": 0.4037285223096407,
            "12": 0.40028383206753504,
            "13": 0.40827285527777507,
            "14": 0.4157969619343881,
            "15": 0.4130109242638763,
            "16": 0.40780794525227576,
            "17": 0.4108265237946088,
            "18": 0.4208519074381614,
            "19": 0.4499933382078093
        },
        "CATO-AFNO (w/o MF)": {
            "1": 0.44180067437035697,
            "2": 0.42772334968151693,
            "3": 0.4080328213722527,
            "4": 0.3989638050599974,
            "5": 0.39347405901976995,
            "6": 0.3891660285442054,
            "7": 0.3873212421832441,
            "8": 0.38718674223439226,
            "9": 0.39038988860691487,
            "10": 0.3869660125095017,
            "11": 0.3861283715484905,
            "12": 0.38792572104606493,
            "13": 0.38870474136605554,
            "14": 0.3907784352091705,
            "15": 0.3915513102902847,
            "16": 0.3977002378426442,
            "17": 0.41686080728663877,
            "18": 0.4221197462406288,
            "19": 0.44221866007159355
        },
        "CATO-Transolver (w/ MF)": {
            "1": 0.4276053376343785,
            "2": 0.4136105401175363,
            "3": 0.40339784451893396,
            "4": 0.40201326160609313,
            "5": 0.4023415032089973,
            "6": 0.3989150940966444,
            "7": 0.3938290100316612,
            "8": 0.39752867412404946,
            "9": 0.3991835928287636,
            "10": 0.39707112823213847,
            "11": 0.39277869493377454,
            "12": 0.38597801599372816,
            "13": 0.39090024658611844,
            "14": 0.39826179726594163,
            "15": 0.3977012949533203,
            "16": 0.394430711095025,
            "17": 0.39542307661098686,
            "18": 0.4063729635712241,
            "19": 0.42681255624407816
        },
        "CATO-Transolver (w/o MF)": {
            "1": 0.4236953167688279,
            "2": 0.41743394531765765,
            "3": 0.41071703596179987,
            "4": 0.40624753396932767,
            "5": 0.4051152500571037,
            "6": 0.4029041038686726,
            "7": 0.3996275627491426,
            "8": 0.3998593305446664,
            "9": 0.40429836195342395,
            "10": 0.4051613205346931,
            "11": 0.40270066587697895,
            "12": 0.39937600092012054,
            "13": 0.3986141367428968,
            "14": 0.40283214922259464,
            "15": 0.40690521616108566,
            "16": 0.4040310509350835,
            "17": 0.40217341231245574,
            "18": 0.41199508009313723,
            "19": 0.4427123310209132
        }
    },
    "frame_rmse": {
        "CATO-AFNO (w/ MF)": {
            "1": 0.5940236328051197,
            "2": 0.5878596826343399,
            "3": 0.5708140740285287,
            "4": 0.5582388042025933,
            "5": 0.559437172650897,
            "6": 0.5576742424205566,
            "7": 0.5486635837958177,
            "8": 0.5489843526160797,
            "9": 0.5600998695157893,
            "10": 0.5637476128655092,
            "11": 0.5537044034390645,
            "12": 0.5473132549907386,
            "13": 0.5570283437747386,
            "14": 0.5687328189036537,
            "15": 0.5667162186067493,
            "16": 0.559604111189069,
            "17": 0.5632238929776985,
            "18": 0.5777992012885194,
            "19": 0.6168790773354187
        },
        "CATO-AFNO (w/o MF)": {
            "1": 0.6007533207899961,
            "2": 0.5825219467186422,
            "3": 0.5572441434604248,
            "4": 0.5454872673510889,
            "5": 0.5381869186239481,
            "6": 0.5332490801270122,
            "7": 0.5314148122404977,
            "8": 0.5297176469674763,
            "9": 0.5324704881263059,